motif_ID	motif_ALT_ID	seq_ID	site_Start	site_End	site_Strand	site_Score	site_Sequence
1-GCGCCGCC	STREME-1	chr8	115226734	115226741	+	13.67	GCGCCGCC
1-GCGCCGCC	STREME-1	chr1	3169006	3169013	-	13.67	GCGCCGCC
1-GCGCCGCC	STREME-1	chr3	8152063	8152070	+	13.67	GCGCCGCC
1-GCGCCGCC	STREME-1	chr2	6060936	6060943	+	13.67	GCGCCGCC
1-GCGCCGCC	STREME-1	chr8	173684211	173684218	+	13.67	GCGCCGCC
1-GCGCCGCC	STREME-1	chr5	61309141	61309148	-	13.67	GCGCCGCC
1-GCGCCGCC	STREME-1	chr2	217978167	217978174	-	13.67	GCGCCGCC
1-GCGCCGCC	STREME-1	chr9	134434667	134434674	+	13.67	GCGCCGCC
1-GCGCCGCC	STREME-1	chr10	114085688	114085695	+	13.67	GCGCCGCC
1-GCGCCGCC	STREME-1	chr10	114085736	114085743	-	13.67	GCGCCGCC
1-GCGCCGCC	STREME-1	chr8	178141583	178141590	-	13.67	GCGCCGCC
1-GCGCCGCC	STREME-1	chr5	197665868	197665875	-	13.67	GCGCCGCC
1-GCGCCGCC	STREME-1	chr5	197665872	197665879	+	13.67	GCGCCGCC
1-GCGCCGCC	STREME-1	chr6	169907703	169907710	-	13.67	GCGCCGCC
1-GCGCCGCC	STREME-1	chr1	254742478	254742485	-	13.67	GCGCCGCC
1-GCGCCGCC	STREME-1	chr10	4285106	4285113	-	13.67	GCGCCGCC
1-GCGCCGCC	STREME-1	chr4	8332721	8332728	+	13.67	GCGCCGCC
1-GCGCCGCC	STREME-1	chr4	234684693	234684700	-	13.67	GCGCCGCC
1-GCGCCGCC	STREME-1	chr4	28364411	28364418	-	13.67	GCGCCGCC
1-GCGCCGCC	STREME-1	chr2	17263487	17263494	-	13.67	GCGCCGCC
1-GCGCCGCC	STREME-1	chr3	223194232	223194239	+	13.67	GCGCCGCC
1-GCGCCGCC	STREME-1	chr9	2476417	2476424	+	13.67	GCGCCGCC
1-GCGCCGCC	STREME-1	chr8	103063439	103063446	+	13.67	GCGCCGCC
1-GCGCCGCC	STREME-1	chr2	4405758	4405765	+	13.67	GCGCCGCC
1-GCGCCGCC	STREME-1	chr4	37085932	37085939	-	13.67	GCGCCGCC
1-GCGCCGCC	STREME-1	chr3	59418583	59418590	+	11.87	GCCCCGCC
1-GCGCCGCC	STREME-1	chr3	5944327	5944334	+	11.87	GCCCCGCC
1-GCGCCGCC	STREME-1	chr6	179331027	179331034	+	11.87	GCCCCGCC
1-GCGCCGCC	STREME-1	chr3	49831479	49831486	-	11.87	GCCCCGCC
1-GCGCCGCC	STREME-1	chr1	79810345	79810352	+	11.87	GCCCCGCC
1-GCGCCGCC	STREME-1	chr6	39260934	39260941	+	11.87	GCCCCGCC
1-GCGCCGCC	STREME-1	chr3	174752092	174752099	+	11.87	GCCCCGCC
1-GCGCCGCC	STREME-1	chr8	70202496	70202503	+	11.87	GCCCCGCC
1-GCGCCGCC	STREME-1	chr10	145028404	145028411	-	11.87	GCCCCGCC
1-GCGCCGCC	STREME-1	chr6	164269849	164269856	+	11.87	GCCCCGCC
1-GCGCCGCC	STREME-1	chr7	173289785	173289792	+	11.87	GCCCCGCC
1-GCGCCGCC	STREME-1	chr6	156622419	156622426	+	11.87	GCCCCGCC
1-GCGCCGCC	STREME-1	chr1	285871106	285871113	+	11.71	GCGCCCCC
1-GCGCCGCC	STREME-1	chr1	105054169	105054176	+	11.71	GCGCCCCC
1-GCGCCGCC	STREME-1	chr8	155853628	155853635	+	11.71	GCGCCCCC
1-GCGCCGCC	STREME-1	chr7	173289756	173289763	+	11.71	GCGCCCCC
1-GCGCCGCC	STREME-1	chr8	115226737	115226744	+	11.19	CCGCCGCC
1-GCGCCGCC	STREME-1	chr3	180683088	180683095	-	11.19	CCGCCGCC
1-GCGCCGCC	STREME-1	chr2	2927704	2927711	-	11.19	CCGCCGCC
1-GCGCCGCC	STREME-1	chr2	2927711	2927718	-	11.19	CCGCCGCC
1-GCGCCGCC	STREME-1	chr9	117522490	117522497	+	11.19	CCGCCGCC
1-GCGCCGCC	STREME-1	chr9	117522493	117522500	+	11.19	CCGCCGCC
1-GCGCCGCC	STREME-1	chr3	8164114	8164121	+	11.19	CCGCCGCC
1-GCGCCGCC	STREME-1	chr3	8164117	8164124	+	11.19	CCGCCGCC
1-GCGCCGCC	STREME-1	chr8	172372778	172372785	-	11.19	CCGCCGCC
1-GCGCCGCC	STREME-1	chr9	135925124	135925131	-	11.19	CCGCCGCC
1-GCGCCGCC	STREME-1	chr9	135925127	135925134	-	11.19	CCGCCGCC
1-GCGCCGCC	STREME-1	chr1	102378307	102378314	-	11.19	CCGCCGCC
1-GCGCCGCC	STREME-1	chr8	79340096	79340103	+	11.19	CCGCCGCC
1-GCGCCGCC	STREME-1	chr8	79340099	79340106	+	11.19	CCGCCGCC
1-GCGCCGCC	STREME-1	chr8	79340102	79340109	+	11.19	CCGCCGCC
1-GCGCCGCC	STREME-1	chr6	107206433	107206440	+	11.19	CCGCCGCC
1-GCGCCGCC	STREME-1	chr8	173684214	173684221	+	11.19	CCGCCGCC
1-GCGCCGCC	STREME-1	chr2	9803342	9803349	+	11.19	CCGCCGCC
1-GCGCCGCC	STREME-1	chr7	149556877	149556884	-	11.19	CCGCCGCC
1-GCGCCGCC	STREME-1	chr2	217978152	217978159	-	11.19	CCGCCGCC
1-GCGCCGCC	STREME-1	chr6	106227363	106227370	-	11.19	CCGCCGCC
1-GCGCCGCC	STREME-1	chr10	114085666	114085673	+	11.19	CCGCCGCC
1-GCGCCGCC	STREME-1	chr10	114085691	114085698	+	11.19	CCGCCGCC
1-GCGCCGCC	STREME-1	chr6	173612573	173612580	+	11.19	CCGCCGCC
1-GCGCCGCC	STREME-1	chr1	235843636	235843643	-	11.19	CCGCCGCC
1-GCGCCGCC	STREME-1	chr10	133287070	133287077	+	11.19	CCGCCGCC
1-GCGCCGCC	STREME-1	chr6	106222584	106222591	-	11.19	CCGCCGCC
1-GCGCCGCC	STREME-1	chr4	161965394	161965401	+	11.19	CCGCCGCC
1-GCGCCGCC	STREME-1	chr6	107830171	107830178	-	11.19	CCGCCGCC
1-GCGCCGCC	STREME-1	chr1	278972839	278972846	+	11.19	CCGCCGCC
1-GCGCCGCC	STREME-1	chr1	278972842	278972849	+	11.19	CCGCCGCC
1-GCGCCGCC	STREME-1	chr9	138082328	138082335	+	11.19	CCGCCGCC
1-GCGCCGCC	STREME-1	chr9	138082331	138082338	+	11.19	CCGCCGCC
1-GCGCCGCC	STREME-1	chr10	147692292	147692299	-	11.19	CCGCCGCC
1-GCGCCGCC	STREME-1	chr9	12771563	12771570	-	11.19	CCGCCGCC
1-GCGCCGCC	STREME-1	chr5	183343306	183343313	+	11.19	CCGCCGCC
1-GCGCCGCC	STREME-1	chr1	236610493	236610500	+	11.15	TCGCCGCC
1-GCGCCGCC	STREME-1	chr3	8164111	8164118	+	11.15	TCGCCGCC
1-GCGCCGCC	STREME-1	chr1	184578112	184578119	+	11.15	TCGCCGCC
1-GCGCCGCC	STREME-1	chr1	58571352	58571359	+	11.15	TCGCCGCC
1-GCGCCGCC	STREME-1	chr3	156072939	156072946	+	11.15	TCGCCGCC
1-GCGCCGCC	STREME-1	chr8	79340093	79340100	+	11.15	TCGCCGCC
1-GCGCCGCC	STREME-1	chr2	229723150	229723157	+	11.15	TCGCCGCC
1-GCGCCGCC	STREME-1	chr10	131691465	131691472	+	11.15	TCGCCGCC
1-GCGCCGCC	STREME-1	chr1	216293096	216293103	-	11.15	TCGCCGCC
1-GCGCCGCC	STREME-1	chr7	149556880	149556887	-	11.15	TCGCCGCC
1-GCGCCGCC	STREME-1	chr2	217978155	217978162	-	11.15	TCGCCGCC
1-GCGCCGCC	STREME-1	chr1	183813364	183813371	-	11.15	TCGCCGCC
1-GCGCCGCC	STREME-1	chr10	143602150	143602157	-	11.15	TCGCCGCC
1-GCGCCGCC	STREME-1	chr1	42363694	42363701	+	11.15	TCGCCGCC
1-GCGCCGCC	STREME-1	chr6	17432895	17432902	-	11.15	TCGCCGCC
1-GCGCCGCC	STREME-1	chr7	133401721	133401728	+	11.15	TCGCCGCC
1-GCGCCGCC	STREME-1	chr6	164269899	164269906	-	11.15	TCGCCGCC
1-GCGCCGCC	STREME-1	chr3	22339456	22339463	+	11.15	TCGCCGCC
1-GCGCCGCC	STREME-1	chr4	161965391	161965398	+	11.15	TCGCCGCC
1-GCGCCGCC	STREME-1	chr3	29736460	29736467	+	10.86	GCGCCGCG
1-GCGCCGCC	STREME-1	chr5	193303692	193303699	+	10.86	GCGCCGCG
1-GCGCCGCC	STREME-1	chr5	55192146	55192153	-	10.86	GCGCCGCG
1-GCGCCGCC	STREME-1	chr1	52051634	52051641	+	10.86	GCGCCGCG
1-GCGCCGCC	STREME-1	chr6	172221129	172221136	+	10.86	GCGCCGCG
1-GCGCCGCC	STREME-1	chr8	996753	996760	+	10.86	GCGCCGCG
1-GCGCCGCC	STREME-1	chr3	49831517	49831524	+	10.86	GCGCCGCG
1-GCGCCGCC	STREME-1	chr9	134434663	134434670	-	10.86	GCGCCGCG
1-GCGCCGCC	STREME-1	chr4	183695647	183695654	+	10.86	GCGCCGCG
1-GCGCCGCC	STREME-1	chr3	22669645	22669652	-	10.86	GCGCCGCG
1-GCGCCGCC	STREME-1	chr3	22669649	22669656	+	10.86	GCGCCGCG
1-GCGCCGCC	STREME-1	chr5	102216986	102216993	-	10.86	GCGCCGCG
1-GCGCCGCC	STREME-1	chr7	141450361	141450368	+	10.86	GCGCCGCG
1-GCGCCGCC	STREME-1	chr8	70202565	70202572	+	10.86	GCGCCGCG
1-GCGCCGCC	STREME-1	chr7	172872014	172872021	-	10.86	GCGCCGCG
1-GCGCCGCC	STREME-1	chr7	172872019	172872026	-	10.86	GCGCCGCG
1-GCGCCGCC	STREME-1	chr3	184872755	184872762	-	10.86	GCGCCGCG
1-GCGCCGCC	STREME-1	chr5	195711352	195711359	+	10.86	GCGCCGCG
1-GCGCCGCC	STREME-1	chr9	151564447	151564454	-	10.86	GCGCCGCG
1-GCGCCGCC	STREME-1	chr7	134835648	134835655	-	10.86	GCGCCGCG
1-GCGCCGCC	STREME-1	chr1	199609737	199609744	+	10.86	GCGCCGCG
1-GCGCCGCC	STREME-1	chr2	62558014	62558021	-	10.86	GCGCCGCG
1-GCGCCGCC	STREME-1	chr2	62558019	62558026	-	10.86	GCGCCGCG
1-GCGCCGCC	STREME-1	chr10	136325288	136325295	-	10.86	GCGCCGCG
1-GCGCCGCC	STREME-1	chr3	161095140	161095147	+	10.86	GCGCCGCG
1-GCGCCGCC	STREME-1	chr9	12771573	12771580	+	10.86	GCGCCGCG
1-GCGCCGCC	STREME-1	chr5	183343343	183343350	-	10.86	GCGCCGCG
1-GCGCCGCC	STREME-1	chr3	227173915	227173922	-	10.76	GCGCCACC
1-GCGCCGCC	STREME-1	chr2	5662969	5662976	+	10.76	GCGCCACC
1-GCGCCGCC	STREME-1	chr2	6060911	6060918	+	10.76	GCGCCACC
1-GCGCCGCC	STREME-1	chr7	127143132	127143139	+	10.76	GCGCCACC
1-GCGCCGCC	STREME-1	chr6	179330999	179331006	-	10.76	GCGCCACC
1-GCGCCGCC	STREME-1	chr6	8159767	8159774	-	10.76	GCGCCACC
1-GCGCCGCC	STREME-1	chr2	17259201	17259208	-	10.76	GCGCCACC
1-GCGCCGCC	STREME-1	chr5	57195338	57195345	-	10.76	GCGCCACC
1-GCGCCGCC	STREME-1	chr4	54565484	54565491	-	10.76	GCGCCACC
1-GCGCCGCC	STREME-1	chr2	12274272	12274279	-	10.76	GCGCCACC
1-GCGCCGCC	STREME-1	chr1	236502861	236502868	+	10.76	GCGCCACC
1-GCGCCGCC	STREME-1	chr2	9461007	9461014	-	10.76	GCGCCACC
1-GCGCCGCC	STREME-1	chr2	4898519	4898526	+	10.76	GCGCCACC
1-GCGCCGCC	STREME-1	chr6	168220765	168220772	+	10.76	GCGCCACC
1-GCGCCGCC	STREME-1	chr1	292720920	292720927	-	10.76	GCGCCACC
1-GCGCCGCC	STREME-1	chr7	161031299	161031306	-	10.76	GCGCCACC
1-GCGCCGCC	STREME-1	chr10	136325294	136325301	+	10.76	GCGCCACC
1-GCGCCGCC	STREME-1	chr8	180428030	180428037	-	10.76	GCGCCACC
1-GCGCCGCC	STREME-1	chr8	7431557	7431564	+	9.91	GCCCCCCC
1-GCGCCGCC	STREME-1	chr5	16488900	16488907	+	9.90	CCCCCGCC
1-GCGCCGCC	STREME-1	chr9	138767962	138767969	+	9.90	CCCCCGCC
1-GCGCCGCC	STREME-1	chr5	31456809	31456816	+	9.90	CCCCCGCC
1-GCGCCGCC	STREME-1	chr7	127145592	127145599	+	9.90	CCCCCGCC
1-GCGCCGCC	STREME-1	chr8	177357960	177357967	+	9.90	CCCCCGCC
1-GCGCCGCC	STREME-1	chr5	223618812	223618819	-	9.90	CCCCCGCC
1-GCGCCGCC	STREME-1	chr8	155853631	155853638	+	9.90	CCCCCGCC
1-GCGCCGCC	STREME-1	chr1	300165290	300165297	+	9.90	CCCCCGCC
1-GCGCCGCC	STREME-1	chr1	34331041	34331048	-	9.90	CCCCCGCC
1-GCGCCGCC	STREME-1	chr8	180428067	180428074	+	9.90	CCCCCGCC
1-GCGCCGCC	STREME-1	chr5	224376565	224376572	+	9.28	TCCCCGCC
1-GCGCCGCC	STREME-1	chr8	37116820	37116827	-	9.28	TCCCCGCC
1-GCGCCGCC	STREME-1	chr6	175318781	175318788	-	9.28	TCCCCGCC
1-GCGCCGCC	STREME-1	chr1	54704403	54704410	+	9.23	CCGCCCCC
1-GCGCCGCC	STREME-1	chr3	5944330	5944337	+	9.23	CCGCCCCC
1-GCGCCGCC	STREME-1	chr3	3907042	3907049	+	9.23	CCGCCCCC
1-GCGCCGCC	STREME-1	chr9	138767965	138767972	+	9.23	CCGCCCCC
1-GCGCCGCC	STREME-1	chr7	170425227	170425234	+	9.23	CCGCCCCC
1-GCGCCGCC	STREME-1	chr6	17432892	17432899	-	9.23	CCGCCCCC
1-GCGCCGCC	STREME-1	chr6	17432904	17432911	+	9.23	CCGCCCCC
1-GCGCCGCC	STREME-1	chr4	28364408	28364415	-	9.23	CCGCCCCC
1-GCGCCGCC	STREME-1	chr1	300165287	300165294	+	9.23	CCGCCCCC
1-GCGCCGCC	STREME-1	chr6	169935897	169935904	-	9.23	CCGCCCCC
1-GCGCCGCC	STREME-1	chr3	7848891	7848898	-	9.18	TCGCCCCC
1-GCGCCGCC	STREME-1	chr9	2476431	2476438	+	9.18	TCGCCCCC
1-GCGCCGCC	STREME-1	chr5	94906064	94906071	+	9.18	TCGCCCCC
#
2-GACGASGA	STREME-2	chr9	122132639	122132646	+	14.07	GACGAGGA
2-GACGASGA	STREME-2	chr9	2479406	2479413	+	14.07	GACGAGGA
2-GACGASGA	STREME-2	chr1	254864590	254864597	-	14.07	GACGAGGA
2-GACGASGA	STREME-2	chr1	68896093	68896100	-	14.07	GACGAGGA
2-GACGASGA	STREME-2	chr7	127143145	127143152	-	14.07	GACGAGGA
2-GACGASGA	STREME-2	chr8	175954534	175954541	-	14.07	GACGAGGA
2-GACGASGA	STREME-2	chr2	62952297	62952304	-	14.07	GACGAGGA
2-GACGASGA	STREME-2	chr4	184661246	184661253	-	14.07	GACGAGGA
2-GACGASGA	STREME-2	chr4	184661252	184661259	-	14.07	GACGAGGA
2-GACGASGA	STREME-2	chr7	4712680	4712687	-	14.07	GACGAGGA
2-GACGASGA	STREME-2	chr7	4712725	4712732	-	14.07	GACGAGGA
2-GACGASGA	STREME-2	chr6	169907688	169907695	-	14.07	GACGAGGA
2-GACGASGA	STREME-2	chr9	114430078	114430085	+	14.07	GACGAGGA
2-GACGASGA	STREME-2	chr9	149075410	149075417	-	14.07	GACGAGGA
2-GACGASGA	STREME-2	chr1	203991340	203991347	-	14.07	GACGAGGA
2-GACGASGA	STREME-2	chr7	147834007	147834014	+	14.07	GACGAGGA
2-GACGASGA	STREME-2	chr3	184872840	184872847	-	14.07	GACGAGGA
2-GACGASGA	STREME-2	chr1	231677317	231677324	+	14.07	GACGAGGA
2-GACGASGA	STREME-2	chr2	239224332	239224339	+	14.07	GACGAGGA
2-GACGASGA	STREME-2	chr8	166237303	166237310	-	14.07	GACGAGGA
2-GACGASGA	STREME-2	chr8	24723006	24723013	+	13.82	GACGACGA
2-GACGASGA	STREME-2	chr6	88157740	88157747	+	13.82	GACGACGA
2-GACGASGA	STREME-2	chr9	79149198	79149205	-	13.82	GACGACGA
2-GACGASGA	STREME-2	chr9	79149201	79149208	-	13.82	GACGACGA
2-GACGASGA	STREME-2	chr9	79149209	79149216	+	13.82	GACGACGA
2-GACGASGA	STREME-2	chr6	126216168	126216175	-	13.82	GACGACGA
2-GACGASGA	STREME-2	chr4	198096692	198096699	+	13.82	GACGACGA
2-GACGASGA	STREME-2	chr1	192310530	192310537	+	13.82	GACGACGA
2-GACGASGA	STREME-2	chr3	8164126	8164133	-	13.82	GACGACGA
2-GACGASGA	STREME-2	chr7	175417590	175417597	-	13.82	GACGACGA
2-GACGASGA	STREME-2	chr8	79340084	79340091	-	13.82	GACGACGA
2-GACGASGA	STREME-2	chr8	79340087	79340094	-	13.82	GACGACGA
2-GACGASGA	STREME-2	chr1	52051616	52051623	-	13.82	GACGACGA
2-GACGASGA	STREME-2	chr3	21481008	21481015	+	13.82	GACGACGA
2-GACGASGA	STREME-2	chr3	21481011	21481018	+	13.82	GACGACGA
2-GACGASGA	STREME-2	chr1	229626726	229626733	+	13.82	GACGACGA
2-GACGASGA	STREME-2	chr3	180308491	180308498	+	13.82	GACGACGA
2-GACGASGA	STREME-2	chr8	141394957	141394964	-	13.82	GACGACGA
2-GACGASGA	STREME-2	chr7	171130590	171130597	+	13.82	GACGACGA
2-GACGASGA	STREME-2	chr7	171130593	171130600	+	13.82	GACGACGA
2-GACGASGA	STREME-2	chr4	54565469	54565476	+	13.82	GACGACGA
2-GACGASGA	STREME-2	chr4	54565472	54565479	+	13.82	GACGACGA
2-GACGASGA	STREME-2	chr4	54565475	54565482	+	13.82	GACGACGA
2-GACGASGA	STREME-2	chr3	185774210	185774217	-	13.82	GACGACGA
2-GACGASGA	STREME-2	chr6	172221088	172221095	-	13.82	GACGACGA
2-GACGASGA	STREME-2	chr8	153539962	153539969	-	13.82	GACGACGA
2-GACGASGA	STREME-2	chr8	126988634	126988641	-	13.82	GACGACGA
2-GACGASGA	STREME-2	chr8	126988637	126988644	-	13.82	GACGACGA
2-GACGASGA	STREME-2	chr7	181927422	181927429	-	13.82	GACGACGA
2-GACGASGA	STREME-2	chr7	181927425	181927432	-	13.82	GACGACGA
2-GACGASGA	STREME-2	chr4	183695629	183695636	-	13.82	GACGACGA
2-GACGASGA	STREME-2	chr8	177357932	177357939	+	13.82	GACGACGA
2-GACGASGA	STREME-2	chr8	177357935	177357942	+	13.82	GACGACGA
2-GACGASGA	STREME-2	chr4	15958312	15958319	-	13.82	GACGACGA
2-GACGASGA	STREME-2	chr9	116929802	116929809	-	13.82	GACGACGA
2-GACGASGA	STREME-2	chr1	15283118	15283125	-	13.82	GACGACGA
2-GACGASGA	STREME-2	chr8	156934524	156934531	-	13.82	GACGACGA
2-GACGASGA	STREME-2	chr4	15564916	15564923	+	13.82	GACGACGA
2-GACGASGA	STREME-2	chr2	214084196	214084203	-	13.82	GACGACGA
2-GACGASGA	STREME-2	chr1	197285090	197285097	-	13.82	GACGACGA
2-GACGASGA	STREME-2	chr7	169784455	169784462	+	13.82	GACGACGA
2-GACGASGA	STREME-2	chr7	169784458	169784465	+	13.82	GACGACGA
2-GACGASGA	STREME-2	chr7	169784461	169784468	+	13.82	GACGACGA
2-GACGASGA	STREME-2	chr8	155292595	155292602	-	13.82	GACGACGA
2-GACGASGA	STREME-2	chr4	161965693	161965700	-	13.82	GACGACGA
2-GACGASGA	STREME-2	chr8	71414092	71414099	+	13.82	GACGACGA
2-GACGASGA	STREME-2	chr3	49906440	49906447	+	13.82	GACGACGA
2-GACGASGA	STREME-2	chr9	108449130	108449137	-	13.82	GACGACGA
2-GACGASGA	STREME-2	chr9	108449133	108449140	-	13.82	GACGACGA
2-GACGASGA	STREME-2	chr1	52831447	52831454	+	13.82	GACGACGA
2-GACGASGA	STREME-2	chr9	145980828	145980835	+	13.82	GACGACGA
2-GACGASGA	STREME-2	chr8	13187311	13187318	-	13.82	GACGACGA
2-GACGASGA	STREME-2	chr1	278892045	278892052	-	13.82	GACGACGA
2-GACGASGA	STREME-2	chr2	210710904	210710911	-	13.82	GACGACGA
2-GACGASGA	STREME-2	chr2	210710907	210710914	-	13.82	GACGACGA
2-GACGASGA	STREME-2	chr2	210710910	210710917	-	13.82	GACGACGA
2-GACGASGA	STREME-2	chr1	168835812	168835819	+	13.82	GACGACGA
2-GACGASGA	STREME-2	chr9	23824359	23824366	+	13.82	GACGACGA
2-GACGASGA	STREME-2	chr9	23824362	23824369	+	13.82	GACGACGA
2-GACGASGA	STREME-2	chr7	127378985	127378992	+	12.00	GACGAAGA
2-GACGASGA	STREME-2	chr1	194699213	194699220	+	12.00	GACGAAGA
2-GACGASGA	STREME-2	chr1	178284957	178284964	-	12.00	GACGAAGA
2-GACGASGA	STREME-2	chr5	62670045	62670052	-	12.00	GACGAAGA
2-GACGASGA	STREME-2	chr9	110754250	110754257	-	12.00	GACGAAGA
2-GACGASGA	STREME-2	chr2	96638375	96638382	+	12.00	GACGAAGA
2-GACGASGA	STREME-2	chr4	234684709	234684716	-	12.00	GACGAAGA
2-GACGASGA	STREME-2	chr1	303602626	303602633	+	11.84	GAAGAGGA
2-GACGASGA	STREME-2	chr7	139439436	139439443	-	11.84	GAAGAGGA
2-GACGASGA	STREME-2	chr1	296860400	296860407	-	11.84	GAAGAGGA
2-GACGASGA	STREME-2	chr1	209357412	209357419	-	11.84	GAAGAGGA
2-GACGASGA	STREME-2	chr1	5090424	5090431	+	11.84	GAAGAGGA
#
3-ACGTACGT	STREME-3	chr8	110491795	110491802	+	12.56	ACGTACGT
3-ACGTACGT	STREME-3	chr9	135926125	135926132	+	12.56	ACGTACGT
3-ACGTACGT	STREME-3	chr2	10894884	10894891	+	12.56	ACGTACGT
3-ACGTACGT	STREME-3	chr2	12106736	12106743	+	12.56	ACGTACGT
3-ACGTACGT	STREME-3	chr5	219039788	219039795	+	12.56	ACGTACGT
3-ACGTACGT	STREME-3	chr7	139439473	139439480	+	12.56	ACGTACGT
3-ACGTACGT	STREME-3	chr5	224376603	224376610	+	12.56	ACGTACGT
3-ACGTACGT	STREME-3	chr4	69394151	69394158	+	12.56	ACGTACGT
3-ACGTACGT	STREME-3	chr4	197768609	197768616	+	12.56	ACGTACGT
3-ACGTACGT	STREME-3	chr1	201428986	201428993	+	12.56	ACGTACGT
3-ACGTACGT	STREME-3	chr7	104312923	104312930	+	12.56	ACGTACGT
3-ACGTACGT	STREME-3	chr5	208712496	208712503	+	12.56	ACGTACGT
3-ACGTACGT	STREME-3	chr1	85915523	85915530	+	12.56	ACGTACGT
3-ACGTACGT	STREME-3	chr6	169520337	169520344	+	12.56	ACGTACGT
3-ACGTACGT	STREME-3	chr3	227173907	227173914	+	12.56	ACGTACGT
3-ACGTACGT	STREME-3	chr1	39041925	39041932	+	12.56	ACGTACGT
3-ACGTACGT	STREME-3	chr2	6060947	6060954	+	12.56	ACGTACGT
3-ACGTACGT	STREME-3	chr2	6060951	6060958	+	12.56	ACGTACGT
3-ACGTACGT	STREME-3	chr5	63618198	63618205	+	12.56	ACGTACGT
3-ACGTACGT	STREME-3	chr7	179938182	179938189	+	12.56	ACGTACGT
3-ACGTACGT	STREME-3	chr2	185615276	185615283	+	12.56	ACGTACGT
3-ACGTACGT	STREME-3	chr6	161421401	161421408	+	12.56	ACGTACGT
3-ACGTACGT	STREME-3	chr2	62951424	62951431	+	12.56	ACGTACGT
3-ACGTACGT	STREME-3	chr2	62951428	62951435	+	12.56	ACGTACGT
3-ACGTACGT	STREME-3	chr10	114101208	114101215	+	12.56	ACGTACGT
3-ACGTACGT	STREME-3	chr1	307573895	307573902	+	12.56	ACGTACGT
3-ACGTACGT	STREME-3	chr1	307573899	307573906	+	12.56	ACGTACGT
3-ACGTACGT	STREME-3	chr10	114048016	114048023	+	12.56	ACGTACGT
3-ACGTACGT	STREME-3	chr5	213971616	213971623	+	12.56	ACGTACGT
3-ACGTACGT	STREME-3	chr5	213971620	213971627	+	12.56	ACGTACGT
3-ACGTACGT	STREME-3	chr5	213971624	213971631	+	12.56	ACGTACGT
3-ACGTACGT	STREME-3	chr9	110754263	110754270	+	12.56	ACGTACGT
3-ACGTACGT	STREME-3	chr5	87986369	87986376	+	12.56	ACGTACGT
3-ACGTACGT	STREME-3	chr3	171309265	171309272	+	12.56	ACGTACGT
3-ACGTACGT	STREME-3	chr10	143602169	143602176	+	12.56	ACGTACGT
3-ACGTACGT	STREME-3	chr4	36995185	36995192	+	12.56	ACGTACGT
3-ACGTACGT	STREME-3	chr4	15958343	15958350	+	12.56	ACGTACGT
3-ACGTACGT	STREME-3	chr3	23051134	23051141	+	12.56	ACGTACGT
3-ACGTACGT	STREME-3	chr3	23051138	23051145	+	12.56	ACGTACGT
3-ACGTACGT	STREME-3	chr6	140985596	140985603	+	12.56	ACGTACGT
3-ACGTACGT	STREME-3	chr1	51306311	51306318	+	12.56	ACGTACGT
3-ACGTACGT	STREME-3	chr9	149075393	149075400	+	12.56	ACGTACGT
3-ACGTACGT	STREME-3	chr8	170295082	170295089	+	12.56	ACGTACGT
3-ACGTACGT	STREME-3	chr1	16737637	16737644	+	12.56	ACGTACGT
3-ACGTACGT	STREME-3	chr1	4109516	4109523	+	12.56	ACGTACGT
3-ACGTACGT	STREME-3	chr1	235843593	235843600	+	12.56	ACGTACGT
3-ACGTACGT	STREME-3	chr1	235843597	235843604	+	12.56	ACGTACGT
3-ACGTACGT	STREME-3	chr4	183684632	183684639	+	12.56	ACGTACGT
3-ACGTACGT	STREME-3	chr3	192114906	192114913	+	12.56	ACGTACGT
3-ACGTACGT	STREME-3	chr2	237347287	237347294	+	12.56	ACGTACGT
3-ACGTACGT	STREME-3	chr2	237347291	237347298	+	12.56	ACGTACGT
3-ACGTACGT	STREME-3	chr2	237347295	237347302	+	12.56	ACGTACGT
3-ACGTACGT	STREME-3	chr5	31420948	31420955	+	12.56	ACGTACGT
3-ACGTACGT	STREME-3	chr9	110423046	110423053	+	12.56	ACGTACGT
3-ACGTACGT	STREME-3	chr1	152369019	152369026	+	12.56	ACGTACGT
3-ACGTACGT	STREME-3	chr10	135827476	135827483	+	12.56	ACGTACGT
3-ACGTACGT	STREME-3	chr7	161032280	161032287	+	12.56	ACGTACGT
3-ACGTACGT	STREME-3	chr7	161032284	161032291	+	12.56	ACGTACGT
3-ACGTACGT	STREME-3	chr5	17661306	17661313	+	12.56	ACGTACGT
3-ACGTACGT	STREME-3	chr1	43971332	43971339	+	12.56	ACGTACGT
3-ACGTACGT	STREME-3	chr7	142061963	142061970	+	12.56	ACGTACGT
3-ACGTACGT	STREME-3	chr1	288111829	288111836	+	12.56	ACGTACGT
3-ACGTACGT	STREME-3	chr8	88892845	88892852	+	12.56	ACGTACGT
3-ACGTACGT	STREME-3	chr9	116140837	116140844	+	12.56	ACGTACGT
3-ACGTACGT	STREME-3	chr10	134677238	134677245	+	12.56	ACGTACGT
3-ACGTACGT	STREME-3	chr4	161965667	161965674	+	12.56	ACGTACGT
3-ACGTACGT	STREME-3	chr6	43601193	43601200	+	12.56	ACGTACGT
3-ACGTACGT	STREME-3	chr3	194511596	194511603	+	12.56	ACGTACGT
3-ACGTACGT	STREME-3	chr4	197888910	197888917	+	12.56	ACGTACGT
3-ACGTACGT	STREME-3	chr1	210756087	210756094	+	12.56	ACGTACGT
3-ACGTACGT	STREME-3	chr1	34330978	34330985	+	12.56	ACGTACGT
3-ACGTACGT	STREME-3	chr1	34330982	34330989	+	12.56	ACGTACGT
3-ACGTACGT	STREME-3	chr9	25422673	25422680	+	12.56	ACGTACGT
3-ACGTACGT	STREME-3	chr9	116650233	116650240	+	12.56	ACGTACGT
3-ACGTACGT	STREME-3	chr9	116650237	116650244	+	12.56	ACGTACGT
3-ACGTACGT	STREME-3	chr9	2692896	2692903	+	12.56	ACGTACGT
3-ACGTACGT	STREME-3	chr1	278892023	278892030	+	12.56	ACGTACGT
3-ACGTACGT	STREME-3	chr2	195377219	195377226	+	12.56	ACGTACGT
3-ACGTACGT	STREME-3	chr2	195377223	195377230	+	12.56	ACGTACGT
3-ACGTACGT	STREME-3	chr2	50122590	50122597	+	12.56	ACGTACGT
3-ACGTACGT	STREME-3	chr5	213780938	213780945	-	10.51	ACGTACGA
3-ACGTACGT	STREME-3	chr1	39254007	39254014	+	10.51	ACGTACGA
3-ACGTACGT	STREME-3	chr6	119621699	119621706	+	10.51	ACGTACGA
3-ACGTACGT	STREME-3	chr9	115062730	115062737	-	10.51	ACGTACGA
3-ACGTACGT	STREME-3	chr9	140143678	140143685	+	10.51	ACGTACGA
3-ACGTACGT	STREME-3	chr1	229775966	229775973	-	10.51	ACGTACGA
3-ACGTACGT	STREME-3	chr4	197768605	197768612	-	10.51	ACGTACGA
3-ACGTACGT	STREME-3	chr4	132770826	132770833	+	10.51	ACGTACGA
3-ACGTACGT	STREME-3	chr2	65426674	65426681	-	10.51	ACGTACGA
3-ACGTACGT	STREME-3	chr8	100632925	100632932	+	10.51	ACGTACGA
3-ACGTACGT	STREME-3	chr7	123471840	123471847	+	10.51	ACGTACGA
3-ACGTACGT	STREME-3	chr2	229723186	229723193	+	10.51	ACGTACGA
3-ACGTACGT	STREME-3	chr1	300492198	300492205	-	10.51	ACGTACGA
3-ACGTACGT	STREME-3	chr3	49969328	49969335	-	10.51	ACGTACGA
3-ACGTACGT	STREME-3	chr8	21156951	21156958	+	10.51	ACGTACGA
3-ACGTACGT	STREME-3	chr1	5654031	5654038	+	10.51	ACGTACGA
3-ACGTACGT	STREME-3	chr5	213783476	213783483	+	10.51	ACGTACGA
3-ACGTACGT	STREME-3	chr4	188391104	188391111	+	10.51	ACGTACGA
3-ACGTACGT	STREME-3	chr3	219591786	219591793	+	10.51	ACGTACGA
3-ACGTACGT	STREME-3	chr2	185615264	185615271	+	10.51	ACGTACGA
3-ACGTACGT	STREME-3	chr8	126691853	126691860	-	10.51	ACGTACGA
3-ACGTACGT	STREME-3	chr1	307573929	307573936	+	10.51	ACGTACGA
3-ACGTACGT	STREME-3	chr10	15899093	15899100	+	10.51	ACGTACGA
3-ACGTACGT	STREME-3	chr1	263703555	263703562	+	10.51	ACGTACGA
3-ACGTACGT	STREME-3	chr9	110754259	110754266	-	10.51	ACGTACGA
3-ACGTACGT	STREME-3	chr1	277479538	277479545	+	10.51	ACGTACGA
3-ACGTACGT	STREME-3	chr10	131739889	131739896	+	10.51	ACGTACGA
3-ACGTACGT	STREME-3	chr1	66867933	66867940	+	10.51	ACGTACGA
3-ACGTACGT	STREME-3	chr6	106227402	106227409	-	10.51	ACGTACGA
3-ACGTACGT	STREME-3	chr6	159166163	159166170	-	10.51	ACGTACGA
3-ACGTACGT	STREME-3	chr10	114085703	114085710	-	10.51	ACGTACGA
3-ACGTACGT	STREME-3	chr1	231181711	231181718	-	10.51	ACGTACGA
3-ACGTACGT	STREME-3	chr7	3105792	3105799	+	10.51	ACGTACGA
3-ACGTACGT	STREME-3	chr1	99331555	99331562	+	10.51	ACGTACGA
3-ACGTACGT	STREME-3	chr1	16737594	16737601	-	10.51	ACGTACGA
3-ACGTACGT	STREME-3	chr2	35087312	35087319	-	10.51	ACGTACGA
3-ACGTACGT	STREME-3	chr6	5005964	5005971	+	10.51	ACGTACGA
3-ACGTACGT	STREME-3	chr2	86061758	86061765	-	10.51	ACGTACGA
3-ACGTACGT	STREME-3	chr5	12496966	12496973	+	10.51	ACGTACGA
3-ACGTACGT	STREME-3	chr7	161032276	161032283	-	10.51	ACGTACGA
3-ACGTACGT	STREME-3	chr6	138476588	138476595	+	10.51	ACGTACGA
3-ACGTACGT	STREME-3	chr2	188237539	188237546	+	10.51	ACGTACGA
3-ACGTACGT	STREME-3	chr7	139280345	139280352	-	10.51	ACGTACGA
3-ACGTACGT	STREME-3	chr6	43643992	43643999	-	10.51	ACGTACGA
3-ACGTACGT	STREME-3	chr3	2858986	2858993	-	10.51	ACGTACGA
3-ACGTACGT	STREME-3	chr8	76876075	76876082	+	10.51	ACGTACGA
3-ACGTACGT	STREME-3	chr9	2692877	2692884	+	10.51	ACGTACGA
3-ACGTACGT	STREME-3	chr6	35762457	35762464	-	10.51	ACGTACGA
3-ACGTACGT	STREME-3	chr1	39254003	39254010	+	9.71	GCGTACGT
3-ACGTACGT	STREME-3	chr9	138087102	138087109	-	9.71	GCGTACGT
3-ACGTACGT	STREME-3	chr8	24723013	24723020	-	9.71	GCGTACGT
3-ACGTACGT	STREME-3	chr10	118637262	118637269	+	9.71	GCGTACGT
3-ACGTACGT	STREME-3	chr10	81071634	81071641	+	9.71	GCGTACGT
3-ACGTACGT	STREME-3	chr5	219039792	219039799	-	9.71	GCGTACGT
3-ACGTACGT	STREME-3	chr1	21845343	21845350	+	9.71	GCGTACGT
3-ACGTACGT	STREME-3	chr7	167442444	167442451	-	9.71	GCGTACGT
3-ACGTACGT	STREME-3	chr1	201428990	201428997	-	9.71	GCGTACGT
3-ACGTACGT	STREME-3	chr5	208712492	208712499	+	9.71	GCGTACGT
3-ACGTACGT	STREME-3	chr3	8152080	8152087	+	9.71	GCGTACGT
3-ACGTACGT	STREME-3	chr3	8152084	8152091	-	9.71	GCGTACGT
3-ACGTACGT	STREME-3	chr2	15772371	15772378	+	9.71	GCGTACGT
3-ACGTACGT	STREME-3	chr4	183580249	183580256	-	9.71	GCGTACGT
3-ACGTACGT	STREME-3	chr3	227174094	227174101	+	9.71	GCGTACGT
3-ACGTACGT	STREME-3	chr7	175022233	175022240	-	9.71	GCGTACGT
3-ACGTACGT	STREME-3	chr1	105054184	105054191	-	9.71	GCGTACGT
3-ACGTACGT	STREME-3	chr2	62951420	62951427	+	9.71	GCGTACGT
3-ACGTACGT	STREME-3	chr1	307573903	307573910	-	9.71	GCGTACGT
3-ACGTACGT	STREME-3	chr10	114048020	114048027	-	9.71	GCGTACGT
3-ACGTACGT	STREME-3	chr5	61309098	61309105	-	9.71	GCGTACGT
3-ACGTACGT	STREME-3	chr3	5695028	5695035	-	9.71	GCGTACGT
3-ACGTACGT	STREME-3	chr2	96638360	96638367	-	9.71	GCGTACGT
3-ACGTACGT	STREME-3	chr6	177016519	177016526	+	9.71	GCGTACGT
3-ACGTACGT	STREME-3	chr1	281483956	281483963	-	9.71	GCGTACGT
3-ACGTACGT	STREME-3	chr7	102790152	102790159	+	9.71	GCGTACGT
3-ACGTACGT	STREME-3	chr2	9461032	9461039	-	9.71	GCGTACGT
3-ACGTACGT	STREME-3	chr1	51306307	51306314	+	9.71	GCGTACGT
3-ACGTACGT	STREME-3	chr2	13830484	13830491	+	9.71	GCGTACGT
3-ACGTACGT	STREME-3	chr3	192114910	192114917	-	9.71	GCGTACGT
3-ACGTACGT	STREME-3	chr9	110423019	110423026	-	9.71	GCGTACGT
3-ACGTACGT	STREME-3	chr3	220998105	220998112	+	9.71	GCGTACGT
3-ACGTACGT	STREME-3	chr4	28364439	28364446	-	9.71	GCGTACGT
3-ACGTACGT	STREME-3	chr6	173046797	173046804	-	9.71	GCGTACGT
3-ACGTACGT	STREME-3	chr2	63037656	63037663	-	9.71	GCGTACGT
3-ACGTACGT	STREME-3	chr10	122736181	122736188	+	9.71	GCGTACGT
3-ACGTACGT	STREME-3	chr4	161509225	161509232	-	9.71	GCGTACGT
3-ACGTACGT	STREME-3	chr9	116140849	116140856	-	9.71	GCGTACGT
3-ACGTACGT	STREME-3	chr1	15202394	15202401	-	9.71	GCGTACGT
3-ACGTACGT	STREME-3	chr5	220249499	220249506	-	9.71	GCGTACGT
3-ACGTACGT	STREME-3	chr3	194511592	194511599	+	9.71	GCGTACGT
3-ACGTACGT	STREME-3	chr9	128187887	128187894	+	9.71	GCGTACGT
3-ACGTACGT	STREME-3	chr1	34330974	34330981	+	9.71	GCGTACGT
3-ACGTACGT	STREME-3	chr6	163087862	163087869	-	9.71	GCGTACGT
3-ACGTACGT	STREME-3	chr1	281106284	281106291	+	9.71	GCGTACGT
3-ACGTACGT	STREME-3	chr7	22377440	22377447	+	9.71	GCGTACGT
3-ACGTACGT	STREME-3	chr9	120797099	120797106	-	9.71	GCGTACGT
3-ACGTACGT	STREME-3	chr2	10894888	10894895	-	9.63	CCGTACGT
3-ACGTACGT	STREME-3	chr6	174114165	174114172	-	9.63	CCGTACGT
3-ACGTACGT	STREME-3	chr1	228966706	228966713	-	9.63	CCGTACGT
3-ACGTACGT	STREME-3	chr4	197768613	197768620	-	9.63	CCGTACGT
3-ACGTACGT	STREME-3	chr8	7431599	7431606	+	9.63	CCGTACGT
3-ACGTACGT	STREME-3	chr1	204523460	204523467	+	9.63	CCGTACGT
3-ACGTACGT	STREME-3	chr7	104312958	104312965	-	9.63	CCGTACGT
3-ACGTACGT	STREME-3	chr1	46510258	46510265	-	9.63	CCGTACGT
3-ACGTACGT	STREME-3	chr2	210234077	210234084	+	9.63	CCGTACGT
3-ACGTACGT	STREME-3	chr3	181674560	181674567	-	9.63	CCGTACGT
3-ACGTACGT	STREME-3	chr10	140163669	140163676	+	9.63	CCGTACGT
3-ACGTACGT	STREME-3	chr1	257596000	257596007	+	9.63	CCGTACGT
3-ACGTACGT	STREME-3	chr1	201426829	201426836	+	9.63	CCGTACGT
3-ACGTACGT	STREME-3	chr5	198943537	198943544	+	9.63	CCGTACGT
3-ACGTACGT	STREME-3	chr2	9803348	9803355	+	9.63	CCGTACGT
3-ACGTACGT	STREME-3	chr5	213971612	213971619	+	9.63	CCGTACGT
3-ACGTACGT	STREME-3	chr6	173612537	173612544	-	9.63	CCGTACGT
3-ACGTACGT	STREME-3	chr6	122397650	122397657	+	9.63	CCGTACGT
3-ACGTACGT	STREME-3	chr4	172110603	172110610	-	9.63	CCGTACGT
3-ACGTACGT	STREME-3	chr2	4898502	4898509	+	9.63	CCGTACGT
3-ACGTACGT	STREME-3	chr2	86061722	86061729	-	9.63	CCGTACGT
3-ACGTACGT	STREME-3	chr8	20419221	20419228	-	9.63	CCGTACGT
3-ACGTACGT	STREME-3	chr5	94849141	94849148	-	9.63	CCGTACGT
3-ACGTACGT	STREME-3	chr2	218504180	218504187	+	9.63	CCGTACGT
3-ACGTACGT	STREME-3	chr5	209493693	209493700	+	9.63	CCGTACGT
3-ACGTACGT	STREME-3	chr4	161965363	161965370	+	9.63	CCGTACGT
3-ACGTACGT	STREME-3	chr10	135827472	135827479	+	9.63	CCGTACGT
3-ACGTACGT	STREME-3	chr8	165223927	165223934	-	9.63	CCGTACGT
3-ACGTACGT	STREME-3	chr5	58857958	58857965	-	9.63	CCGTACGT
3-ACGTACGT	STREME-3	chr9	17874755	17874762	-	9.63	CCGTACGT
3-ACGTACGT	STREME-3	chr6	175820822	175820829	+	9.63	CCGTACGT
3-ACGTACGT	STREME-3	chr1	27072185	27072192	+	9.63	CCGTACGT
3-ACGTACGT	STREME-3	chr9	116650194	116650201	-	9.63	CCGTACGT
3-ACGTACGT	STREME-3	chr9	2692892	2692899	+	9.63	CCGTACGT
3-ACGTACGT	STREME-3	chr7	150116280	150116287	+	9.63	CCGTACGT
3-ACGTACGT	STREME-3	chr8	72276795	72276802	-	9.63	CCGTACGT
3-ACGTACGT	STREME-3	chr6	172221107	172221114	+	8.45	TCGTACGA
3-ACGTACGT	STREME-3	chr8	178147107	178147114	+	8.45	TCGTACGA
#
4-RGTCAAM	STREME-4	chr7	166217250	166217256	-	11.74	AGTCAAC
4-RGTCAAM	STREME-4	chr1	303602582	303602588	-	11.74	AGTCAAC
4-RGTCAAM	STREME-4	chr1	10562789	10562795	-	11.74	AGTCAAC
4-RGTCAAM	STREME-4	chr7	104312999	104313005	-	11.74	AGTCAAC
4-RGTCAAM	STREME-4	chr1	296860340	296860346	+	11.74	AGTCAAC
4-RGTCAAM	STREME-4	chr8	175608044	175608050	-	11.74	AGTCAAC
4-RGTCAAM	STREME-4	chr9	92620243	92620249	-	11.74	AGTCAAC
4-RGTCAAM	STREME-4	chr5	208662458	208662464	+	11.74	AGTCAAC
4-RGTCAAM	STREME-4	chr7	149556898	149556904	-	11.74	AGTCAAC
4-RGTCAAM	STREME-4	chr3	175419997	175420003	-	11.74	AGTCAAC
4-RGTCAAM	STREME-4	chr3	8159447	8159453	+	11.74	AGTCAAC
4-RGTCAAM	STREME-4	chr1	104631558	104631564	+	11.74	AGTCAAC
4-RGTCAAM	STREME-4	chr4	217583905	217583911	+	11.74	AGTCAAC
4-RGTCAAM	STREME-4	chr8	22512937	22512943	+	11.74	AGTCAAC
4-RGTCAAM	STREME-4	chr6	173612562	173612568	-	11.74	AGTCAAC
4-RGTCAAM	STREME-4	chr1	280055380	280055386	-	11.74	AGTCAAC
4-RGTCAAM	STREME-4	chr1	43631977	43631983	-	11.74	AGTCAAC
4-RGTCAAM	STREME-4	chr7	122936140	122936146	-	11.74	AGTCAAC
4-RGTCAAM	STREME-4	chr6	168220729	168220735	-	11.74	AGTCAAC
4-RGTCAAM	STREME-4	chr4	180054005	180054011	-	11.74	AGTCAAC
4-RGTCAAM	STREME-4	chr7	127142539	127142545	+	11.74	AGTCAAC
4-RGTCAAM	STREME-4	chr4	234684725	234684731	-	11.74	AGTCAAC
4-RGTCAAM	STREME-4	chr6	106222621	106222627	-	11.74	AGTCAAC
4-RGTCAAM	STREME-4	chr4	40999555	40999561	-	11.74	AGTCAAC
4-RGTCAAM	STREME-4	chr5	153541936	153541942	+	11.74	AGTCAAC
4-RGTCAAM	STREME-4	chr1	292720887	292720893	+	11.74	AGTCAAC
4-RGTCAAM	STREME-4	chr1	300165325	300165331	+	11.74	AGTCAAC
4-RGTCAAM	STREME-4	chr2	191009899	191009905	-	11.74	AGTCAAC
4-RGTCAAM	STREME-4	chr1	194699205	194699211	-	11.56	AGTCAAA
4-RGTCAAM	STREME-4	chr7	128831994	128832000	+	11.56	AGTCAAA
4-RGTCAAM	STREME-4	chr3	219146584	219146590	+	11.56	AGTCAAA
4-RGTCAAM	STREME-4	chr2	15174240	15174246	-	11.56	AGTCAAA
4-RGTCAAM	STREME-4	chr2	15174266	15174272	-	11.56	AGTCAAA
4-RGTCAAM	STREME-4	chr7	93420808	93420814	+	11.56	AGTCAAA
4-RGTCAAM	STREME-4	chr5	31456764	31456770	+	11.56	AGTCAAA
4-RGTCAAM	STREME-4	chr4	181558785	181558791	-	11.56	AGTCAAA
4-RGTCAAM	STREME-4	chr10	129052463	129052469	-	11.56	AGTCAAA
4-RGTCAAM	STREME-4	chr10	147341145	147341151	-	11.56	AGTCAAA
4-RGTCAAM	STREME-4	chr6	106227347	106227353	+	11.56	AGTCAAA
4-RGTCAAM	STREME-4	chr4	185332395	185332401	-	11.56	AGTCAAA
4-RGTCAAM	STREME-4	chr4	185332423	185332429	+	11.56	AGTCAAA
4-RGTCAAM	STREME-4	chr10	84410009	84410015	-	11.56	AGTCAAA
4-RGTCAAM	STREME-4	chr2	5516348	5516354	-	11.56	AGTCAAA
4-RGTCAAM	STREME-4	chr2	5516384	5516390	-	11.56	AGTCAAA
4-RGTCAAM	STREME-4	chr7	32348505	32348511	+	11.56	AGTCAAA
4-RGTCAAM	STREME-4	chr9	25423119	25423125	-	11.56	AGTCAAA
4-RGTCAAM	STREME-4	chr7	171729610	171729616	-	11.56	AGTCAAA
4-RGTCAAM	STREME-4	chr7	148070929	148070935	-	11.56	AGTCAAA
4-RGTCAAM	STREME-4	chr10	92151798	92151804	-	11.56	AGTCAAA
4-RGTCAAM	STREME-4	chr6	138476631	138476637	-	11.56	AGTCAAA
4-RGTCAAM	STREME-4	chr8	128374213	128374219	+	11.56	AGTCAAA
4-RGTCAAM	STREME-4	chr6	43601210	43601216	+	11.56	AGTCAAA
4-RGTCAAM	STREME-4	chr1	278892016	278892022	-	11.56	AGTCAAA
4-RGTCAAM	STREME-4	chr2	218381131	218381137	-	11.56	AGTCAAA
4-RGTCAAM	STREME-4	chr2	12087856	12087862	+	11.21	GGTCAAC
4-RGTCAAM	STREME-4	chr2	10990543	10990549	+	11.21	GGTCAAC
4-RGTCAAM	STREME-4	chr3	209608343	209608349	-	11.21	GGTCAAC
4-RGTCAAM	STREME-4	chr3	221004553	221004559	+	11.21	GGTCAAC
4-RGTCAAM	STREME-4	chr1	254864621	254864627	-	11.21	GGTCAAC
4-RGTCAAM	STREME-4	chr8	171871107	171871113	-	11.21	GGTCAAC
4-RGTCAAM	STREME-4	chr10	150977788	150977794	-	11.21	GGTCAAC
4-RGTCAAM	STREME-4	chr7	174911002	174911008	+	11.21	GGTCAAC
4-RGTCAAM	STREME-4	chr2	11179931	11179937	-	11.21	GGTCAAC
4-RGTCAAM	STREME-4	chr6	106227381	106227387	+	11.21	GGTCAAC
4-RGTCAAM	STREME-4	chr4	64038055	64038061	+	11.21	GGTCAAC
4-RGTCAAM	STREME-4	chr5	94849448	94849454	+	11.21	GGTCAAC
4-RGTCAAM	STREME-4	chr2	12266709	12266715	+	11.21	GGTCAAC
4-RGTCAAM	STREME-4	chr9	16511186	16511192	-	11.21	GGTCAAC
4-RGTCAAM	STREME-4	chr3	159233980	159233986	-	11.21	GGTCAAC
4-RGTCAAM	STREME-4	chr3	144023530	144023536	-	11.21	GGTCAAC
4-RGTCAAM	STREME-4	chr4	244314517	244314523	-	11.21	GGTCAAC
4-RGTCAAM	STREME-4	chr4	160376219	160376225	+	11.21	GGTCAAC
4-RGTCAAM	STREME-4	chr5	2586391	2586397	+	11.21	GGTCAAC
4-RGTCAAM	STREME-4	chr10	129211520	129211526	+	11.21	GGTCAAC
4-RGTCAAM	STREME-4	chr5	22338617	22338623	-	11.21	GGTCAAC
4-RGTCAAM	STREME-4	chr2	188267758	188267764	+	11.21	GGTCAAC
4-RGTCAAM	STREME-4	chr2	195377190	195377196	+	11.21	GGTCAAC
4-RGTCAAM	STREME-4	chr9	23824345	23824351	-	11.21	GGTCAAC
4-RGTCAAM	STREME-4	chr8	148962856	148962862	+	11.21	GGTCAAC
4-RGTCAAM	STREME-4	chr8	160608609	160608615	-	11.02	GGTCAAA
4-RGTCAAM	STREME-4	chr2	203054383	203054389	-	11.02	GGTCAAA
4-RGTCAAM	STREME-4	chr1	5418295	5418301	-	11.02	GGTCAAA
4-RGTCAAM	STREME-4	chr7	172115904	172115910	-	11.02	GGTCAAA
4-RGTCAAM	STREME-4	chr7	139439404	139439410	-	11.02	GGTCAAA
4-RGTCAAM	STREME-4	chr3	178228314	178228320	-	11.02	GGTCAAA
4-RGTCAAM	STREME-4	chr5	33264064	33264070	+	11.02	GGTCAAA
4-RGTCAAM	STREME-4	chr5	63618170	63618176	-	11.02	GGTCAAA
4-RGTCAAM	STREME-4	chr1	278281969	278281975	+	11.02	GGTCAAA
4-RGTCAAM	STREME-4	chr5	28841899	28841905	-	11.02	GGTCAAA
4-RGTCAAM	STREME-4	chr1	233577948	233577954	+	11.02	GGTCAAA
4-RGTCAAM	STREME-4	chr9	134434681	134434687	-	11.02	GGTCAAA
4-RGTCAAM	STREME-4	chr10	113886164	113886170	-	11.02	GGTCAAA
4-RGTCAAM	STREME-4	chr6	113376862	113376868	-	11.02	GGTCAAA
4-RGTCAAM	STREME-4	chr4	130675217	130675223	-	11.02	GGTCAAA
4-RGTCAAM	STREME-4	chr3	186675745	186675751	+	11.02	GGTCAAA
4-RGTCAAM	STREME-4	chr1	266548113	266548119	-	11.02	GGTCAAA
4-RGTCAAM	STREME-4	chr7	158827780	158827786	-	11.02	GGTCAAA
4-RGTCAAM	STREME-4	chr6	5005975	5005981	-	11.02	GGTCAAA
4-RGTCAAM	STREME-4	chr3	192114843	192114849	-	11.02	GGTCAAA
4-RGTCAAM	STREME-4	chr1	293801349	293801355	-	11.02	GGTCAAA
4-RGTCAAM	STREME-4	chr5	12496993	12496999	+	11.02	GGTCAAA
4-RGTCAAM	STREME-4	chr3	159995875	159995881	-	11.02	GGTCAAA
4-RGTCAAM	STREME-4	chr7	21760567	21760573	+	11.02	GGTCAAA
4-RGTCAAM	STREME-4	chr6	175820840	175820846	-	11.02	GGTCAAA
4-RGTCAAM	STREME-4	chr1	231677334	231677340	+	11.02	GGTCAAA
4-RGTCAAM	STREME-4	chr1	27072201	27072207	-	11.02	GGTCAAA
4-RGTCAAM	STREME-4	chr4	177794905	177794911	-	11.02	GGTCAAA
4-RGTCAAM	STREME-4	chr3	185211060	185211066	+	11.02	GGTCAAA
4-RGTCAAM	STREME-4	chr1	263701311	263701317	-	11.02	GGTCAAA
4-RGTCAAM	STREME-4	chr5	218086941	218086947	+	11.02	GGTCAAA
4-RGTCAAM	STREME-4	chr2	4405737	4405743	-	11.02	GGTCAAA
4-RGTCAAM	STREME-4	chr1	303602587	303602593	-	10.79	AGTCAAG
4-RGTCAAM	STREME-4	chr3	213110820	213110826	+	10.79	AGTCAAG
4-RGTCAAM	STREME-4	chr8	175608102	175608108	-	10.79	AGTCAAG
4-RGTCAAM	STREME-4	chr7	53575817	53575823	+	10.79	AGTCAAG
4-RGTCAAM	STREME-4	chr6	177016561	177016567	-	10.79	AGTCAAG
4-RGTCAAM	STREME-4	chr1	261027764	261027770	+	10.79	AGTCAAG
4-RGTCAAM	STREME-4	chr8	178141875	178141881	+	10.79	AGTCAAG
4-RGTCAAM	STREME-4	chr4	160842000	160842006	+	10.79	AGTCAAG
4-RGTCAAM	STREME-4	chr3	158742314	158742320	+	10.79	AGTCAAG
4-RGTCAAM	STREME-4	chr2	202268238	202268244	+	10.79	AGTCAAG
4-RGTCAAM	STREME-4	chr2	21466493	21466499	+	10.79	AGTCAAG
4-RGTCAAM	STREME-4	chr7	155286497	155286503	+	10.79	AGTCAAG
4-RGTCAAM	STREME-4	chr5	94892588	94892594	-	10.79	AGTCAAG
4-RGTCAAM	STREME-4	chr8	128951964	128951970	-	10.75	AGTCAAT
4-RGTCAAM	STREME-4	chr9	160176266	160176272	-	10.75	AGTCAAT
4-RGTCAAM	STREME-4	chr8	72570245	72570251	+	10.75	AGTCAAT
4-RGTCAAM	STREME-4	chr10	143178384	143178390	-	10.75	AGTCAAT
4-RGTCAAM	STREME-4	chr2	185615247	185615253	+	10.75	AGTCAAT
4-RGTCAAM	STREME-4	chr6	165777460	165777466	-	10.75	AGTCAAT
4-RGTCAAM	STREME-4	chr4	163127860	163127866	+	10.75	AGTCAAT
4-RGTCAAM	STREME-4	chr3	144023537	144023543	-	10.75	AGTCAAT
4-RGTCAAM	STREME-4	chr1	36186528	36186534	+	10.75	AGTCAAT
4-RGTCAAM	STREME-4	chr1	5090432	5090438	-	10.75	AGTCAAT
4-RGTCAAM	STREME-4	chr10	120545160	120545166	+	10.75	AGTCAAT
4-RGTCAAM	STREME-4	chr1	295090840	295090846	-	10.75	AGTCAAT
4-RGTCAAM	STREME-4	chr5	150449073	150449079	-	10.75	AGTCAAT
4-RGTCAAM	STREME-4	chr10	134931561	134931567	-	10.75	AGTCAAT
4-RGTCAAM	STREME-4	chr5	94891740	94891746	-	10.25	GGTCAAG
4-RGTCAAM	STREME-4	chr5	50934601	50934607	-	10.25	GGTCAAG
4-RGTCAAM	STREME-4	chr2	12106767	12106773	+	10.25	GGTCAAG
4-RGTCAAM	STREME-4	chr3	221004587	221004593	-	10.25	GGTCAAG
4-RGTCAAM	STREME-4	chr1	53472849	53472855	-	10.25	GGTCAAG
4-RGTCAAM	STREME-4	chr2	171036018	171036024	-	10.25	GGTCAAG
4-RGTCAAM	STREME-4	chr5	208662453	208662459	+	10.25	GGTCAAG
4-RGTCAAM	STREME-4	chr6	175318764	175318770	+	10.25	GGTCAAG
4-RGTCAAM	STREME-4	chr3	171309245	171309251	+	10.25	GGTCAAG
4-RGTCAAM	STREME-4	chr10	140743985	140743991	-	10.25	GGTCAAG
4-RGTCAAM	STREME-4	chr10	129076602	129076608	-	10.25	GGTCAAG
4-RGTCAAM	STREME-4	chr4	197855146	197855152	+	10.25	GGTCAAG
4-RGTCAAM	STREME-4	chr3	59998373	59998379	-	10.25	GGTCAAG
4-RGTCAAM	STREME-4	chr5	211339203	211339209	+	10.25	GGTCAAG
4-RGTCAAM	STREME-4	chr4	160376195	160376201	+	10.25	GGTCAAG
4-RGTCAAM	STREME-4	chr1	236969490	236969496	+	10.25	GGTCAAG
4-RGTCAAM	STREME-4	chr8	165223879	165223885	-	10.25	GGTCAAG
4-RGTCAAM	STREME-4	chr1	143861128	143861134	-	10.25	GGTCAAG
4-RGTCAAM	STREME-4	chr1	210756120	210756126	+	10.25	GGTCAAG
4-RGTCAAM	STREME-4	chr10	120545142	120545148	-	10.25	GGTCAAG
4-RGTCAAM	STREME-4	chr7	150116273	150116279	-	10.25	GGTCAAG
4-RGTCAAM	STREME-4	chr8	148962870	148962876	+	10.25	GGTCAAG
4-RGTCAAM	STREME-4	chr9	138766682	138766688	-	10.25	GGTCAAG
4-RGTCAAM	STREME-4	chr8	110491816	110491822	+	10.21	GGTCAAT
4-RGTCAAM	STREME-4	chr8	24722972	24722978	+	10.21	GGTCAAT
4-RGTCAAM	STREME-4	chr9	122132705	122132711	-	10.21	GGTCAAT
4-RGTCAAM	STREME-4	chr3	12505752	12505758	+	10.21	GGTCAAT
4-RGTCAAM	STREME-4	chr9	2479362	2479368	-	10.21	GGTCAAT
4-RGTCAAM	STREME-4	chr7	128832038	128832044	-	10.21	GGTCAAT
4-RGTCAAM	STREME-4	chr1	10965136	10965142	-	10.21	GGTCAAT
4-RGTCAAM	STREME-4	chr7	125124517	125124523	+	10.21	GGTCAAT
4-RGTCAAM	STREME-4	chr2	114125796	114125802	-	10.21	GGTCAAT
4-RGTCAAM	STREME-4	chr10	150977709	150977715	+	10.21	GGTCAAT
4-RGTCAAM	STREME-4	chr9	15304180	15304186	+	10.21	GGTCAAT
4-RGTCAAM	STREME-4	chr6	153456806	153456812	+	10.21	GGTCAAT
4-RGTCAAM	STREME-4	chr7	162178858	162178864	+	10.21	GGTCAAT
4-RGTCAAM	STREME-4	chr3	226377153	226377159	-	10.21	GGTCAAT
4-RGTCAAM	STREME-4	chr2	4406118	4406124	+	10.21	GGTCAAT
4-RGTCAAM	STREME-4	chr2	35087303	35087309	-	10.21	GGTCAAT
4-RGTCAAM	STREME-4	chr2	35199200	35199206	+	10.21	GGTCAAT
4-RGTCAAM	STREME-4	chr10	91234963	91234969	-	10.21	GGTCAAT
4-RGTCAAM	STREME-4	chr3	228401870	228401876	-	10.21	GGTCAAT
4-RGTCAAM	STREME-4	chr9	151561097	151561103	+	9.86	AGTTAAC
4-RGTCAAM	STREME-4	chr9	151561098	151561104	-	9.86	AGTTAAC
4-RGTCAAM	STREME-4	chr7	120713939	120713945	-	9.86	AGTTAAC
4-RGTCAAM	STREME-4	chr9	133220491	133220497	-	9.86	AGTTAAC
4-RGTCAAM	STREME-4	chr2	17957569	17957575	+	9.86	AGTTAAC
4-RGTCAAM	STREME-4	chr9	152626095	152626101	+	9.86	AGTTAAC
4-RGTCAAM	STREME-4	chr3	212501315	212501321	+	9.86	AGTTAAC
4-RGTCAAM	STREME-4	chr3	212501316	212501322	-	9.86	AGTTAAC
4-RGTCAAM	STREME-4	chr4	28363132	28363138	+	9.67	AGTTAAA
4-RGTCAAM	STREME-4	chr8	134824560	134824566	-	9.67	AGTTAAA
#
5-TTAATTAA	STREME-5	chr10	114101240	114101247	+	19.14	TTAATTAA
5-TTAATTAA	STREME-5	chr10	115761537	115761544	+	19.14	TTAATTAA
5-TTAATTAA	STREME-5	chr10	115761541	115761548	+	19.14	TTAATTAA
5-TTAATTAA	STREME-5	chr10	133287106	133287113	+	16.29	TTAATTAT
5-TTAATTAA	STREME-5	chr1	192310476	192310483	+	15.85	TTAATTTA
5-TTAATTAA	STREME-5	chr7	178516289	178516296	-	15.85	TTAATTTA
5-TTAATTAA	STREME-5	chr4	36995213	36995220	-	15.85	TTAATTTA
5-TTAATTAA	STREME-5	chr5	159602165	159602172	-	15.85	TTAATTTA
5-TTAATTAA	STREME-5	chr10	92151752	92151759	+	15.85	TTAATTTA
5-TTAATTAA	STREME-5	chr6	106222592	106222599	+	15.19	TTAATTAG
5-TTAATTAA	STREME-5	chr4	2895687	2895694	-	14.24	GTAATTAA
5-TTAATTAA	STREME-5	chr3	160735057	160735064	+	13.49	TTAATTCA
5-TTAATTAA	STREME-5	chr9	116650164	116650171	-	13.49	TTAATTCA
5-TTAATTAA	STREME-5	chr2	17957627	17957634	+	13.14	TTAATTGA
5-TTAATTAA	STREME-5	chr4	206121794	206121801	-	13.01	ATAATTTA
5-TTAATTAA	STREME-5	chr3	49969369	49969376	-	12.86	TTAAGTAA
5-TTAATTAA	STREME-5	chr6	177108942	177108949	+	12.86	TTAAGTAA
5-TTAATTAA	STREME-5	chr2	214093113	214093120	+	12.39	TTAATTTT
5-TTAATTAA	STREME-5	chr9	108449175	108449182	-	12.39	TTAATTTT
5-TTAATTAA	STREME-5	chr2	63037697	63037704	-	11.90	CTAATTTA
5-TTAATTAA	STREME-5	chr1	3169047	3169054	+	11.85	TTATTTAA
5-TTAATTAA	STREME-5	chr10	114101244	114101251	+	11.79	TTAATTTG
5-TTAATTAA	STREME-5	chr3	26362019	26362026	+	11.79	TTAATTTG
5-TTAATTAA	STREME-5	chr2	218504144	218504151	+	11.79	TTAATTTG
5-TTAATTAA	STREME-5	chr3	185211063	185211070	-	11.79	TTAATTTG
5-TTAATTAA	STREME-5	chr9	116650168	116650175	+	11.79	TTAATTTG
5-TTAATTAA	STREME-5	chr8	173952164	173952171	-	11.48	TTAATTTC
5-TTAATTAA	STREME-5	chr7	180859828	180859835	+	11.39	GTAATTAT
5-TTAATTAA	STREME-5	chr7	120713941	120713948	-	11.34	TTAAGTTA
5-TTAATTAA	STREME-5	chr1	228606477	228606484	-	11.34	TTAATTCT
5-TTAATTAA	STREME-5	chr6	168220734	168220741	+	11.24	CTAATTAG
5-TTAATTAA	STREME-5	chr1	9098949	9098956	+	10.90	TTAATGAA
5-TTAATTAA	STREME-5	chr1	4109480	4109487	+	10.65	TGAATTAT
5-TTAATTAA	STREME-5	chr8	115226770	115226777	-	10.50	TTAATTGT
5-TTAATTAA	STREME-5	chr5	159602169	159602176	+	10.50	TTAATTGT
5-TTAATTAA	STREME-5	chr1	3169025	3169032	-	10.29	ATAATTGA
5-TTAATTAA	STREME-5	chr1	3169078	3169085	-	10.29	ATAATTGA
5-TTAATTAA	STREME-5	chr4	163127862	163127869	-	10.29	ATAATTGA
5-TTAATTAA	STREME-5	chr1	160181061	160181068	+	10.29	ATAATTGA
5-TTAATTAA	STREME-5	chr1	231677294	231677301	-	10.29	ATAATTGA
5-TTAATTAA	STREME-5	chr3	226462355	226462362	+	10.29	GTAATTAG
5-TTAATTAA	STREME-5	chr5	158408007	158408014	-	10.29	GTAATTAG
5-TTAATTAA	STREME-5	chr5	23604244	23604251	-	10.01	TTAAGTAT
5-TTAATTAA	STREME-5	chr3	159233951	159233958	-	9.99	GGAATTAA
